#{"t_start": 1635719273.7741396, "env_id": "WurtzReact-v1"}
r,l,t
0.25849,20,2.582593
0.633115,20,4.438056
0.797187,20,6.303956
0.895833,20,8.186381
0.911553,20,10.048207
0.934252,20,11.924197
0.973342,20,13.973997
0.996948,20,15.82919
1.009165,20,17.688196
1.011423,20,19.563672
1.020428,20,21.42823
1.026451,20,23.297664
1.04924,20,25.18648
1.060469,20,27.044955
1.064067,20,28.915258
1.074224,20,30.796831
1.07491,20,32.664949
1.072292,20,34.540204
1.073705,20,36.430303
1.077938,20,38.312341
1.087153,20,40.174223
1.09868,20,42.052156
1.090626,20,43.911458
1.093532,20,45.785227
1.091093,20,47.662415
1.089559,20,49.537476
1.099702,20,51.408514
1.104207,20,53.272475
1.10531,20,55.135495
1.114601,20,56.998938
1.114178,20,58.884229
1.11533,20,60.732635
1.114297,20,62.612055
1.114031,20,64.492813
1.11022,20,66.354475
1.104367,20,68.216527
1.102617,20,70.095661
1.101742,20,71.953874
1.104817,20,73.848732
1.106248,20,75.723935
1.106422,20,77.581549
1.106501,20,79.42985
1.112468,20,81.295552
1.11196,20,83.148945
1.108968,20,85.037498
1.105591,20,86.91756
1.105411,20,88.777352
1.103363,20,90.643273
1.103519,20,92.526203
1.100107,20,94.388542
1.102875,20,96.306591
1.103866,20,98.210864
1.104716,20,100.091066
1.103406,20,101.959837
1.107072,20,103.840173
1.108756,20,105.728046
1.11163,20,107.600292
1.109093,20,109.503923
1.10913,20,111.388728
1.108525,20,113.2657
1.108276,20,115.152142
1.106793,20,117.044602
1.106761,20,118.919458
1.105902,20,120.813068
1.106265,20,122.72202
1.108187,20,124.590465
1.10894,20,126.470842
1.110162,20,128.36069
1.110816,20,130.239459
1.113638,20,132.125063
1.114418,20,134.051005
1.11391,20,135.931279
1.110904,20,137.826452
1.112348,20,139.715829
1.116163,20,141.599528
1.116705,20,143.487854
1.117355,20,145.404219
1.117301,20,147.28168
1.117662,20,149.168131
1.117833,20,151.073814
1.117021,20,152.945723
1.116307,20,154.826764
1.113901,20,156.726
1.11379,20,158.622857
1.114327,20,160.510533
1.115909,20,162.406058
1.115469,20,164.275615
1.116746,20,166.152777
1.118776,20,168.038671
1.11886,20,169.941673
1.120198,20,171.825714
1.12117,20,173.717408
1.120026,20,175.602424
1.121272,20,177.490939
1.121951,20,179.381095
1.123117,20,181.259218
1.122998,20,183.16112
1.123593,20,185.043713
1.125806,20,186.918471
1.125943,20,188.803646
1.125951,20,190.70969
1.126252,20,192.596162
1.125495,20,194.50635
1.126217,20,196.387946
1.128315,20,198.277643
1.128991,20,200.169867
1.128358,20,202.048456
1.12765,20,203.937619
1.126673,20,205.859734
1.125767,20,207.729924
1.125272,20,209.620628
1.128076,20,211.509704
1.126228,20,213.391996
1.124744,20,215.273762
1.124596,20,217.163763
1.123645,20,219.063412
1.122608,20,220.95497
1.121916,20,222.850135
1.122886,20,224.72679
1.122471,20,226.615758
1.121796,20,228.500881
1.121712,20,230.40484
1.122234,20,232.295396
1.121543,20,234.192646
1.12228,20,236.07008
1.121494,20,237.961932
1.120695,20,239.854283
1.120623,20,241.731194
1.123396,20,243.632406
1.122545,20,245.519407
1.121125,20,247.395583
1.120453,20,249.269741
1.119999,20,251.167466
1.120149,20,253.057267
1.122386,20,254.965594
1.122662,20,256.870475
1.121833,20,258.75162
1.121521,20,260.632264
1.120863,20,262.544307
1.12076,20,264.427989
1.119731,20,266.342884
1.119374,20,268.237056
1.119688,20,270.112645
1.119585,20,272.015007
1.120522,20,273.912942
1.12176,20,275.791238
1.121521,20,277.683188
1.12039,20,279.611246
1.12076,20,281.483699
1.120748,20,283.371193
1.121081,20,285.266017
1.120035,20,287.153962
1.119488,20,289.05704
1.11943,20,290.954688
1.118584,20,292.843116
1.119003,20,294.743382
1.117793,20,296.628521
1.116724,20,298.50964
1.117546,20,300.402963
1.11663,20,302.281411
1.117908,20,304.195481
1.120263,20,306.091583
1.118539,20,307.967216
1.116968,20,309.852787
1.118199,20,311.756573
1.119459,20,313.641481
1.119993,20,315.560887
1.11924,20,317.448683
1.118524,20,319.320918
1.117488,20,321.216227
1.116842,20,323.122506
1.114844,20,325.000923
1.116599,20,326.896113
1.115161,20,328.795736
1.115412,20,330.674185
1.113451,20,332.555243
1.111311,20,334.466694
1.111534,20,336.350713
1.111214,20,338.242522
1.111847,20,340.163269
1.111103,20,342.041443
1.110952,20,343.913149
1.110585,20,345.831835
1.112266,20,347.712752
1.112017,20,349.617367
1.111915,20,351.543777
1.11081,20,353.42924
1.110354,20,355.319167
1.11183,20,357.223549
1.113841,20,359.107881
1.114689,20,360.999017
1.114573,20,362.891803
1.113561,20,364.784611
1.113664,20,366.674778
1.114679,20,368.576641
1.113628,20,370.456812
1.112891,20,372.343938
1.112207,20,374.24194
1.111107,20,376.147269
1.112518,20,378.040327
1.112527,20,379.933974
1.109327,20,381.826227
1.109465,20,383.72681
1.108166,20,385.619041
1.108549,20,387.530475
1.107854,20,389.428141
1.107764,20,391.310959
1.108356,20,393.206701
1.108256,20,395.097239
1.107979,20,396.977792
1.1078,20,398.882265
1.108459,20,400.813599
1.108578,20,402.70082
1.108262,20,404.590614
1.107851,20,406.485087
1.108115,20,408.377207
1.108035,20,410.261194
1.108373,20,412.186058
1.108928,20,414.067299
1.108271,20,415.962646
1.108312,20,417.869137
1.108349,20,419.763694
1.108552,20,421.653538
1.107772,20,423.563315
1.106507,20,425.458547
1.105638,20,427.343865
1.105074,20,429.238843
1.103868,20,431.123665
1.103225,20,433.010904
1.102517,20,434.911457
1.102224,20,436.818216
1.10163,20,438.710215
1.10242,20,440.620346
1.102309,20,442.507689
1.101868,20,444.405795
1.101409,20,446.30136
1.102549,20,448.214896
1.103073,20,450.107994
1.102266,20,452.006805
1.10137,20,453.888601
1.1017,20,455.778985
1.101658,20,457.685462
1.101387,20,459.567351
1.10105,20,461.485917
1.102175,20,463.380765
1.102385,20,465.264793
1.102456,20,467.160619
1.101808,20,469.061467
1.101704,20,470.941524
1.100869,20,472.872066
1.099492,20,474.767474
1.09929,20,476.652724
1.098894,20,478.54715
1.098947,20,480.438535
1.097894,20,482.339378
1.097381,20,484.241798
1.0963,20,486.142607
1.095485,20,488.034747
1.095242,20,489.932233
1.095682,20,491.817088
1.09538,20,493.717842
1.09438,20,495.620967
1.094619,20,497.536677
1.093271,20,499.427132
1.09292,20,501.336152
1.092415,20,503.23377
1.091182,20,505.131934
1.090434,20,507.041514
1.089528,20,508.945766
1.08801,20,510.828551
1.086995,20,512.722401
1.086771,20,514.607329
1.086451,20,516.504086
1.085336,20,518.417925
1.08463,20,520.313644
1.084455,20,522.233618
1.084009,20,524.147948
1.084582,20,526.034794
1.083569,20,527.934883
1.082891,20,529.845229
1.082341,20,531.734793
1.082536,20,533.643827
1.081877,20,535.52845
1.080801,20,537.411381
1.08036,20,539.299317
1.078766,20,541.201007
1.079289,20,543.086658
1.079139,20,544.981303
1.077053,20,546.908572
1.075046,20,548.80221
1.074099,20,550.708024
1.073359,20,552.594849
1.073048,20,554.48608
1.072927,20,556.380456
1.072097,20,558.300005
1.071364,20,560.181907
1.069692,20,562.071113
1.068216,20,563.975954
1.066738,20,565.859908
1.06642,20,567.751745
1.065429,20,569.673059
1.064813,20,571.570851
1.064503,20,573.482929
1.064641,20,575.366985
1.064503,20,577.260757
1.063743,20,579.171118
1.062979,20,581.05773
1.062808,20,582.977007
1.061895,20,584.87568
1.060641,20,586.760188
1.059029,20,588.653491
1.057214,20,590.555162
1.057294,20,592.437489
1.058682,20,594.349706
1.058289,20,596.244677
1.056672,20,598.124011
1.055946,20,600.015368
1.055544,20,601.926581
1.055057,20,603.808427
1.054686,20,605.702028
1.052784,20,607.618221
1.053149,20,609.499112
1.052086,20,611.381731
1.050633,20,613.274873
1.050318,20,615.153548
1.048053,20,617.047171
1.046686,20,618.988022
1.045565,20,620.869952
1.044288,20,622.769015
1.043903,20,624.68015
1.042288,20,626.560068
1.040821,20,628.447086
1.039729,20,630.366797
1.038276,20,632.257641
1.037161,20,634.141202
1.035292,20,636.041627
1.034924,20,637.927033
1.035226,20,639.825925
1.035203,20,641.738753
1.034573,20,643.640186
1.034074,20,645.537292
1.034053,20,647.443774
1.033712,20,649.328948
1.033584,20,651.222799
1.033544,20,653.133203
1.032627,20,655.037769
1.031864,20,656.934841
1.031484,20,658.849095
1.031196,20,660.734771
1.030655,20,662.625301
1.030509,20,664.530646
1.030357,20,666.41751
1.029435,20,668.327239
1.029203,20,670.204136
1.028733,20,672.097016
1.028082,20,674.004521
1.026127,20,675.898301
1.02605,20,677.788047
1.025896,20,679.723428
1.02524,20,681.605986
1.024192,20,683.499766
1.023064,20,685.412696
1.02302,20,687.300576
1.02285,20,689.192098
1.02199,20,691.095478
1.022203,20,692.977215
1.022927,20,694.871786
1.022993,20,696.763446
1.022772,20,698.651064
1.022427,20,700.545704
1.021551,20,702.437294
1.021514,20,704.384038
1.021496,20,706.275577
1.020093,20,708.181775
1.019622,20,710.075584
1.019239,20,711.979837
1.019139,20,713.887811
1.019154,20,715.790592
1.018703,20,717.677452
1.018477,20,719.58839
1.018427,20,721.46438
1.018347,20,723.354911
1.018373,20,725.271934
1.017262,20,727.153251
1.016839,20,729.069101
1.015879,20,730.980981
1.014736,20,732.864129
1.01445,20,734.762886
1.013226,20,736.658967
1.012467,20,738.545359
1.011465,20,740.459861
1.010417,20,742.349137
1.009761,20,744.233423
1.009219,20,746.130244
1.009035,20,748.032883
1.008397,20,749.911963
1.008479,20,751.82961
1.008138,20,753.729023
1.006833,20,755.617066
1.005887,20,757.513338
1.00587,20,759.412611
1.005516,20,761.306739
1.005129,20,763.200229
1.004738,20,765.102669
1.004444,20,766.996919
1.004354,20,768.911545
1.002813,20,770.798459
1.002387,20,772.696662
1.001828,20,774.612514
1.000784,20,776.518115
1.000391,20,778.402225
1.000802,20,780.306514
1.000295,20,782.189108
0.998831,20,784.092815
0.998489,20,785.997564
0.996881,20,787.887611
0.99539,20,789.790542
0.993979,20,791.689663
0.993036,20,793.56764
0.992642,20,795.45931
0.990862,20,797.360493
0.989701,20,799.247349
0.98848,20,801.179678
0.988857,20,803.078616
0.988016,20,804.961437
0.987373,20,806.851523
0.986897,20,808.754208
0.986109,20,810.642205
0.985247,20,812.561509
0.983749,20,814.474956
0.982305,20,816.363114
0.9809,20,818.267339
0.980844,20,820.172964
0.980034,20,822.057981
0.979251,20,823.955702
0.978359,20,825.887852
0.977285,20,827.766036
0.976778,20,829.664144
0.976419,20,831.557328
0.975158,20,833.437348
0.974607,20,835.327671
0.973388,20,837.255923
0.972199,20,839.145622
0.971442,20,841.05116
0.970249,20,842.948218
0.968987,20,844.837962
0.968665,20,846.717054
0.967775,20,848.610345
0.967006,20,850.516254
0.965965,20,852.412826
0.965185,20,854.311229
0.964117,20,856.20164
0.963063,20,858.085964
0.961794,20,859.972349
0.961672,20,861.89389
0.960707,20,863.774895
0.959563,20,865.654398
0.959128,20,867.552432
0.959157,20,869.444423
0.958032,20,871.335588
0.956813,20,873.235492
0.955658,20,875.140255
0.954945,20,877.018199
0.954047,20,878.92035
0.952732,20,880.824694
0.951681,20,882.7019
0.951465,20,884.590152
0.951632,20,886.521813
0.951556,20,888.395909
0.950906,20,890.295533
0.94993,20,892.211386
0.948632,20,894.089403
0.94792,20,895.984337
0.947668,20,897.903437
0.946218,20,899.785784
0.944982,20,901.676339
0.945085,20,903.563268
0.943654,20,905.439328
0.942931,20,907.339555
0.941739,20,909.242148
0.940871,20,911.145632
0.940156,20,913.03567
0.939534,20,914.932324
0.93956,20,916.81994
0.939751,20,918.70816
0.940004,20,920.6226
0.938819,20,922.539199
0.937856,20,924.430371
0.93704,20,926.329986
0.935918,20,928.216432
0.935426,20,930.10709
0.935192,20,932.031684
0.934174,20,933.931913
0.932826,20,935.826103
0.932368,20,937.738605
0.932449,20,939.624564
0.931619,20,941.517086
0.930613,20,943.428758
0.930235,20,945.310759
0.929851,20,947.235688
0.928761,20,949.141376
0.928203,20,951.02106
0.928195,20,952.934991
0.927818,20,954.819158
0.926683,20,956.709869
0.92618,20,958.635267
0.925383,20,960.520059
0.924303,20,962.393382
0.923055,20,964.307297
0.922479,20,966.195373
0.922019,20,968.091741
0.921989,20,970.008084
0.921552,20,971.908437
0.920249,20,973.803095
0.919069,20,975.694673
0.918726,20,977.586114
0.918522,20,979.478712
0.917354,20,981.38281
0.916735,20,983.293533
0.916701,20,985.185147
0.916469,20,987.089799
0.916592,20,988.972963
0.916398,20,990.86504
0.916046,20,992.776058
0.915328,20,994.682661
0.91502,20,996.573069
0.913991,20,998.477083
0.913136,20,1000.366281
0.912091,20,1002.263153
0.911987,20,1004.163862
0.912815,20,1006.053695
0.912637,20,1007.9722
0.912486,20,1009.873267
0.912453,20,1011.759387
0.911749,20,1013.640967
0.911538,20,1015.543931
0.910982,20,1017.430847
0.909807,20,1019.349097
0.908658,20,1021.250029
0.9081,20,1023.139043
0.907666,20,1025.040367
0.907789,20,1026.949326
0.907895,20,1028.83987
0.907669,20,1030.736937
0.90673,20,1032.64827
0.906703,20,1034.52979
0.906866,20,1036.411048
0.906269,20,1038.306712
0.905852,20,1040.189099
0.906028,20,1042.090704
0.906269,20,1044.012425
0.90611,20,1045.914781
0.905063,20,1047.814583
0.904485,20,1049.689736
0.904218,20,1051.572754
0.903534,20,1053.478601
0.903247,20,1055.382509
0.902694,20,1057.278922
0.90185,20,1059.185909
0.901213,20,1061.070458
0.900849,20,1062.963552
0.900491,20,1064.864742
0.900278,20,1066.754335
0.899607,20,1068.671782
0.89893,20,1070.582231
0.898922,20,1072.461854
0.898595,20,1074.362371
0.89842,20,1076.267608
0.897957,20,1078.150964
0.897605,20,1080.06471
0.897882,20,1081.965639
0.897782,20,1083.847528
0.898552,20,1085.737538
0.898684,20,1087.639731
0.898031,20,1089.519944
0.897684,20,1091.420335
0.897684,20,1093.351343
0.898785,20,1095.241908
0.898783,20,1097.140061
0.898235,20,1099.053164
0.898095,20,1100.944299
0.898226,20,1102.840225
0.89812,20,1104.767452
0.897405,20,1106.643495
0.896936,20,1108.534318
0.897395,20,1110.431571
0.897362,20,1112.317523
0.897177,20,1114.225991
0.897153,20,1116.147978
0.897018,20,1118.034268
0.896608,20,1119.934911
0.896674,20,1121.851402
0.896904,20,1123.745712
0.896465,20,1125.651191
0.896636,20,1127.551285
0.896566,20,1129.482781
0.896695,20,1131.368892
0.89673,20,1133.277099
0.896383,20,1135.161674
0.896577,20,1137.055014
0.896584,20,1138.961097
0.896666,20,1140.880294
0.896458,20,1142.77645
0.896279,20,1144.653585
0.895573,20,1146.54817
0.895496,20,1148.448968
0.895878,20,1150.342139
0.895593,20,1152.247412
0.895223,20,1154.159941
0.895133,20,1156.041545
0.895051,20,1157.940362
0.894976,20,1159.827878
0.894254,20,1161.717514
0.893349,20,1163.610957
0.892809,20,1165.547251
0.892145,20,1167.437559
0.891458,20,1169.339694
0.891044,20,1171.243233
0.890635,20,1173.136902
0.890544,20,1175.036166
0.890086,20,1176.972665
0.889571,20,1178.858807
0.889435,20,1180.750423
0.889508,20,1182.649901
0.889941,20,1184.539558
0.89017,20,1186.427737
0.890382,20,1188.338313
0.890559,20,1190.24906
0.890017,20,1192.13255
0.890305,20,1194.032386
0.89053,20,1195.911586
0.890133,20,1197.804859
0.890182,20,1199.715857
0.890175,20,1201.620052
0.890045,20,1203.523996
0.88947,20,1205.439503
0.88953,20,1207.329264
0.889547,20,1209.22684
0.889389,20,1211.123227
0.889582,20,1213.01243
0.889562,20,1214.931776
0.889326,20,1216.838498
0.88959,20,1218.71941
0.890043,20,1220.600742
0.89039,20,1222.501759
0.890594,20,1224.393954
0.890511,20,1226.313674
0.89053,20,1228.215391
0.88996,20,1230.103602
0.889841,20,1231.996701
0.889835,20,1233.908624
0.889408,20,1235.800882
0.889554,20,1237.726978
0.889547,20,1239.611507
0.889511,20,1241.506845
0.889663,20,1243.398236
0.889396,20,1245.301603
0.888659,20,1247.200525
0.888587,20,1249.11337
0.888474,20,1251.025837
0.888312,20,1252.919585
0.888487,20,1254.827025
0.888679,20,1256.71785
0.888973,20,1258.612761
0.888806,20,1260.531188
0.888765,20,1262.48144
0.888424,20,1264.37294
0.888324,20,1266.295563
0.888433,20,1268.188028
0.888331,20,1270.077096
0.887841,20,1271.98289
0.887308,20,1273.86503
0.886865,20,1275.771722
0.886996,20,1277.66804
0.886827,20,1279.558634
0.88657,20,1281.455538
0.886578,20,1283.365391
0.886357,20,1285.253372
0.885976,20,1287.161199
0.885481,20,1289.067387
0.885415,20,1290.953115
0.88531,20,1292.831371
0.885442,20,1294.735045
0.885557,20,1296.621775
0.885506,20,1298.521093
0.885222,20,1300.420352
0.884907,20,1302.303306
0.88448,20,1304.202758
0.883807,20,1306.108515
0.883319,20,1307.996225
0.883149,20,1309.888419
0.882863,20,1311.800363
0.882456,20,1313.68367
0.882321,20,1315.567778
0.881688,20,1317.462866
0.881615,20,1319.35655
0.881791,20,1321.249884
0.881673,20,1323.169396
0.881453,20,1325.063376
0.880971,20,1326.959782
0.880416,20,1328.871653
0.880172,20,1330.771018
0.879923,20,1332.672571
0.880109,20,1334.570847
0.88003,20,1336.487331
0.879283,20,1338.393354
0.878779,20,1340.274849
0.878009,20,1342.167127
0.878009,20,1344.054687
0.877987,20,1345.940199
0.877458,20,1347.855439
0.87742,20,1349.743583
0.877369,20,1351.627263
0.876867,20,1353.524758
0.876106,20,1355.430687
0.875744,20,1357.316148
0.875112,20,1359.236264
0.874649,20,1361.147033
0.87389,20,1363.037184
0.873273,20,1364.941751
0.8727,20,1366.844911
0.872471,20,1368.731802
0.871952,20,1370.631476
0.871685,20,1372.568114
0.871207,20,1374.450155
0.870471,20,1376.348887
0.869782,20,1378.257916
0.869258,20,1380.146212
0.868593,20,1382.044451
0.868113,20,1383.970156
0.867281,20,1385.856657
0.866439,20,1387.761756
0.865782,20,1389.675688
0.865825,20,1391.559454
0.865693,20,1393.454788
0.865119,20,1395.371156
0.864374,20,1397.274198
0.863865,20,1399.173181
0.863127,20,1401.068033
0.862484,20,1402.954422
0.86192,20,1404.864617
0.861222,20,1406.764266
0.860447,20,1408.677192
0.859759,20,1410.573112
0.859238,20,1412.453573
0.858789,20,1414.344877
0.858439,20,1416.233723
0.858293,20,1418.143303
0.85751,20,1420.048529
0.856806,20,1421.949301
0.856045,20,1423.841496
0.855347,20,1425.742663
0.854791,20,1427.65319
0.854519,20,1429.548181
0.853692,20,1431.446113
0.853049,20,1433.384854
0.852403,20,1435.265264
0.852238,20,1437.158122
0.85159,20,1439.052649
0.851012,20,1440.936289
0.850829,20,1442.830722
0.850058,20,1444.761064
0.849313,20,1446.640108
0.848758,20,1448.539981
0.848081,20,1450.454022
0.847579,20,1452.341387
0.84687,20,1454.22825
0.846218,20,1456.12305
0.845394,20,1458.027113
0.844949,20,1459.921329
0.844232,20,1461.838754
0.843502,20,1463.723037
0.842754,20,1465.62315
0.842351,20,1467.533972
0.841694,20,1469.443098
0.841181,20,1471.331304
0.840451,20,1473.243225
0.839857,20,1475.128869
0.839631,20,1477.032567
0.83916,20,1478.94775
0.838538,20,1480.856293
0.838072,20,1482.757666
0.837285,20,1484.65749
0.836712,20,1486.541178
0.836047,20,1488.43994
0.835447,20,1490.347128
0.834908,20,1492.236501
0.834691,20,1494.156888
0.834058,20,1496.066926
0.833344,20,1497.955717
0.832644,20,1499.851939
0.832114,20,1501.747766
0.831461,20,1503.634475
0.830784,20,1505.560734
0.83022,20,1507.469721
0.829554,20,1509.361892
0.828904,20,1511.261482
0.828339,20,1513.174022
0.827599,20,1515.058692
0.826972,20,1516.961246
0.826316,20,1518.891741
0.825771,20,1520.79173
0.82513,20,1522.697199
0.824595,20,1524.583445
0.823895,20,1526.477282
0.823307,20,1528.386938
0.822609,20,1530.301154
0.822109,20,1532.196326
0.821407,20,1534.104165
0.820895,20,1535.999269
0.820247,20,1537.903608
0.819599,20,1539.798611
0.819415,20,1541.70559
0.81881,20,1543.624743
0.818379,20,1545.527102
0.817686,20,1547.419199
0.817289,20,1549.326586
0.816689,20,1551.249918
0.816351,20,1553.142608
0.815664,20,1555.060992
0.815171,20,1556.952092
0.814574,20,1558.844764
0.813936,20,1560.74011
0.813304,20,1562.65774
0.81265,20,1564.544953
0.81209,20,1566.449975
0.811471,20,1568.346898
0.810996,20,1570.241142
0.810408,20,1572.15133
0.809765,20,1574.056647
0.809216,20,1575.96156
0.808594,20,1577.850023
0.80814,20,1579.777202
0.807522,20,1581.66958
0.806899,20,1583.57015
0.80631,20,1585.471434
0.805868,20,1587.368016
0.80548,20,1589.272556
0.805043,20,1591.196296
0.80475,20,1593.077096
0.804171,20,1594.979961
0.803613,20,1596.867566
0.803069,20,1598.753149
0.802423,20,1600.657183
0.80184,20,1602.581901
0.801244,20,1604.470853
0.800626,20,1606.372482
0.80006,20,1608.293692
0.799545,20,1610.193085
0.798972,20,1612.091481
0.798529,20,1613.993101
0.797958,20,1615.928749
0.797387,20,1617.836095
0.796835,20,1619.729045
0.796241,20,1621.626012
0.795719,20,1623.531099
0.795186,20,1625.427807
0.794606,20,1627.352315
0.79403,20,1629.258005
0.793526,20,1631.16849
0.792974,20,1633.073326
0.792688,20,1634.981163
0.792177,20,1636.868824
0.791921,20,1638.767843
0.791401,20,1640.678708
0.79085,20,1642.568679
0.790466,20,1644.46794
0.790177,20,1646.378877
0.790142,20,1648.276736
0.789606,20,1650.168288
0.789098,20,1652.094045
0.788646,20,1653.985107
0.788023,20,1655.874378
0.787445,20,1657.77827
0.786866,20,1659.661073
0.786461,20,1661.561579
0.786496,20,1663.484652
0.786551,20,1665.371082
0.786273,20,1667.268481
0.785668,20,1669.174268
0.785148,20,1671.059386
0.784643,20,1672.947052
0.784082,20,1674.844194
0.783579,20,1676.767123
0.783182,20,1678.672042
0.782662,20,1680.558617
0.782133,20,1682.441197
0.781742,20,1684.336153
0.781281,20,1686.234392
0.780712,20,1688.145046
0.780253,20,1690.048992
0.779722,20,1691.967881
0.779265,20,1693.861322
0.778811,20,1695.762028
0.778309,20,1697.675794
0.777847,20,1699.577575
0.777366,20,1701.511566
0.777071,20,1703.420571
0.776452,20,1705.31533
0.776029,20,1707.216545
0.775707,20,1709.132728
0.775145,20,1711.024551
0.774693,20,1712.947455
0.774444,20,1714.830084
0.773978,20,1716.732121
0.773664,20,1718.633828
0.773182,20,1720.517645
0.772864,20,1722.411489
0.77267,20,1724.334486
0.772205,20,1726.225725
0.771818,20,1728.116579
0.771363,20,1730.025754
0.770876,20,1731.916976
0.770422,20,1733.818292
0.769888,20,1735.720901
0.769399,20,1737.634693
0.768978,20,1739.531806
0.768712,20,1741.42375
0.768224,20,1743.311234
0.767959,20,1745.212822
0.767506,20,1747.122102
0.767034,20,1749.031483
0.766658,20,1750.935211
0.76613,20,1752.842716
0.765728,20,1754.729288
0.765537,20,1756.622482
0.765353,20,1758.523075
0.764822,20,1760.407993
0.764404,20,1762.320519
0.76399,20,1764.223147
0.763632,20,1766.110087
0.763422,20,1768.00021
0.762914,20,1769.905556
0.762447,20,1771.788035
0.761905,20,1773.708357
0.761442,20,1775.604596
0.761257,20,1777.487114
0.761035,20,1779.38397
0.760935,20,1781.276664
0.760467,20,1783.166722
0.760092,20,1785.085558
0.760012,20,1787.003105
0.759514,20,1788.895902
0.759111,20,1790.789631
0.75867,20,1792.699927
0.75813,20,1794.591779
0.757799,20,1796.483316
0.757348,20,1798.413838
0.757095,20,1800.312419
0.757123,20,1802.208666
0.756944,20,1804.104572
0.756444,20,1806.002931
0.756103,20,1807.930289
0.755861,20,1809.843501
0.755403,20,1811.72808
0.755335,20,1813.617795
0.755475,20,1815.509451
0.75551,20,1817.411716
0.755255,20,1819.307833
0.754796,20,1821.209064
0.75441,20,1823.123017
0.754223,20,1825.014267
0.753842,20,1826.896019
0.753435,20,1828.773122
0.753154,20,1830.68114
0.752904,20,1832.566114
0.752497,20,1834.490387
0.75216,20,1836.403828
0.751629,20,1838.287618
0.751517,20,1840.186112
0.751656,20,1842.103171
0.751283,20,1843.996432
0.751766,20,1845.908714
0.751909,20,1847.812927
0.751447,20,1849.699711
0.751195,20,1851.601177
0.75105,20,1853.511097
0.750988,20,1855.401861
0.751063,20,1857.297396
0.750894,20,1859.212983
0.750621,20,1861.094405
0.750422,20,1862.984478
0.749941,20,1864.884425
0.749488,20,1866.770452
0.749065,20,1868.668815
0.74875,20,1870.606471
0.748483,20,1872.498019
0.748603,20,1874.392914
0.748611,20,1876.299979
0.748612,20,1878.183027
0.748212,20,1880.077312
0.747834,20,1881.975431
0.74763,20,1883.88253
0.747301,20,1885.776069
0.747159,20,1887.67942
0.747037,20,1889.57008
0.746882,20,1891.459476
0.747217,20,1893.368036
0.747849,20,1895.27965
0.74796,20,1897.187314
0.747496,20,1899.104939
0.747116,20,1901.006505
0.747201,20,1902.919081
0.747139,20,1904.808398
0.747182,20,1906.727926
0.746705,20,1908.621478
0.746525,20,1910.509487
0.746103,20,1912.403472
0.745828,20,1914.305374
0.745399,20,1916.191729
0.744958,20,1918.093394
0.744763,20,1920.02489
0.744564,20,1921.909129
0.744176,20,1923.807789
0.743796,20,1925.717434
0.743414,20,1927.596777
0.743001,20,1929.496582
0.742631,20,1931.428108
0.742624,20,1933.318372
0.742223,20,1935.224504
0.742019,20,1937.128691
0.741787,20,1939.030653
0.741514,20,1940.941896
0.74131,20,1942.856231
0.740998,20,1944.77441
0.740571,20,1946.676544
0.740189,20,1948.590874
0.740012,20,1950.475925
0.740294,20,1952.376003
0.740232,20,1954.290542
0.739967,20,1956.205468
0.73968,20,1958.10627
0.739451,20,1960.00254
0.739175,20,1961.889694
0.739382,20,1963.79406
0.739287,20,1965.698736
0.739069,20,1967.610788
0.73868,20,1969.507135
0.738529,20,1971.415657
0.738393,20,1973.303909
0.73827,20,1975.207231
0.738097,20,1977.104421
0.737954,20,1978.989397
0.737584,20,1980.910335
0.737353,20,1982.811033
0.736983,20,1984.710474
0.737037,20,1986.613873
0.73698,20,1988.533361
0.736588,20,1990.43009
0.736312,20,1992.361408
0.735999,20,1994.27231
0.735536,20,1996.175768
0.735319,20,1998.07957
0.734923,20,1999.966548
0.734721,20,2001.861619
0.734332,20,2003.772509
0.733891,20,2005.684031
0.7336,20,2007.575791
0.733619,20,2009.473793
0.733347,20,2011.372077
0.733134,20,2013.27242
0.732941,20,2015.179915
0.732819,20,2017.093101
0.73273,20,2018.990848
0.732303,20,2020.893024
0.731936,20,2022.778077
0.731525,20,2024.678355
0.731217,20,2026.599256
0.730817,20,2028.507291
0.730581,20,2030.407623
0.730204,20,2032.323869
0.72986,20,2034.212628
0.729679,20,2036.111983
0.72933,20,2038.022193
0.729104,20,2039.916438
0.728697,20,2041.841064
0.728327,20,2043.735189
0.727892,20,2045.623494
0.727586,20,2047.524148
0.727229,20,2049.432371
0.727092,20,2051.33074
0.727094,20,2053.256615
0.72678,20,2055.172989
0.726426,20,2057.066546
0.72617,20,2058.968461
0.725974,20,2060.885547
0.725687,20,2062.788266
0.725355,20,2064.694775
0.725195,20,2066.620322
0.724799,20,2068.503252
0.724729,20,2070.40579
0.724366,20,2072.318653
0.723985,20,2074.203676
0.723601,20,2076.10497
0.723299,20,2078.039536
0.722946,20,2079.921098
0.722556,20,2081.831517
0.722209,20,2083.73075
0.722023,20,2085.625674
0.721968,20,2087.53058
0.721709,20,2089.465991
0.721417,20,2091.36058
0.721313,20,2093.261972
0.721031,20,2095.155891
0.720691,20,2097.054559
0.720319,20,2098.965792
0.720395,20,2100.862114
0.720394,20,2102.785657
0.720034,20,2104.701046
0.719768,20,2106.597535
0.719543,20,2108.510681
0.719516,20,2110.426553
0.71946,20,2112.324047
0.719052,20,2114.237022
0.718738,20,2116.149367
0.718555,20,2118.045661
0.71856,20,2119.947311
0.718188,20,2121.846744
0.717993,20,2123.736603
0.717659,20,2125.628362
0.717307,20,2127.550247
0.717089,20,2129.442333
0.717284,20,2131.345981
0.71725,20,2133.246645
0.717043,20,2135.145177
0.716708,20,2137.043391
0.716585,20,2138.981051
0.7164,20,2140.87232
0.716145,20,2142.769017
0.716079,20,2144.679694
0.716167,20,2146.573808
0.715962,20,2148.471744
0.715908,20,2150.404087
0.715685,20,2152.302808
0.7157,20,2154.208073
0.715746,20,2156.119461
0.71551,20,2158.013327
0.715597,20,2159.919392
0.715513,20,2161.835877
0.715401,20,2163.754948
0.715371,20,2165.648997
0.715504,20,2167.558697
0.715592,20,2169.440878
0.71571,20,2171.340263
0.715546,20,2173.237395
0.715215,20,2175.154604
0.715144,20,2177.046697
0.715087,20,2178.962036
0.71503,20,2180.859385
0.714774,20,2182.76292
0.714765,20,2184.676944
0.714386,20,2186.584007
0.714092,20,2188.520408
0.713757,20,2190.420598
0.713416,20,2192.320797
0.713141,20,2194.219773
0.712786,20,2196.109195
0.712538,20,2198.020245
0.712195,20,2199.950036
0.711992,20,2201.83752
0.711873,20,2203.743898
0.711497,20,2205.649902
0.711279,20,2207.546955
0.710927,20,2209.442841
0.710708,20,2211.367634
0.710377,20,2213.261211
0.710067,20,2215.174666
0.709705,20,2217.090646
0.709442,20,2218.98101
0.709218,20,2220.880984
0.709027,20,2222.800087
0.708801,20,2224.709529
0.708732,20,2226.61156
0.708643,20,2228.523963
0.708466,20,2230.410449
0.708177,20,2232.319935
0.707874,20,2234.231106
0.707785,20,2236.141809
0.707733,20,2238.056289
0.707723,20,2239.958276
0.707906,20,2241.855284
0.707826,20,2243.757763
0.7075,20,2245.67541
0.70718,20,2247.5719
0.706913,20,2249.489939
0.70675,20,2251.391583
0.7064,20,2253.279122
0.70625,20,2255.173575
0.706247,20,2257.068439
0.705888,20,2258.960165
0.705622,20,2260.88881
0.705305,20,2262.792663
0.704969,20,2264.678944
0.70465,20,2266.582042
0.704396,20,2268.480662
0.70443,20,2270.375287
0.704658,20,2272.290301
0.704502,20,2274.196654
0.704248,20,2276.091767
0.704432,20,2278.000938
0.704565,20,2279.908454
0.704303,20,2281.807918
0.704134,20,2283.72005
0.704507,20,2285.635721
0.70475,20,2287.52711
0.704592,20,2289.435237
0.704286,20,2291.321135
0.704069,20,2293.207899
0.703819,20,2295.107916
0.70355,20,2297.023891
0.703484,20,2298.916826
0.703453,20,2300.822671
0.703363,20,2302.714661
0.703491,20,2304.616627
0.703181,20,2306.511769
0.703234,20,2308.396815
0.703012,20,2310.311286
0.702822,20,2312.221959
0.702697,20,2314.116069
0.702387,20,2316.011747
0.702138,20,2317.932567
0.70181,20,2319.823738
0.701737,20,2321.741826
0.701898,20,2323.638458
0.701619,20,2325.527839
0.701511,20,2327.421008
0.701505,20,2329.336412
0.701357,20,2331.222556
0.701016,20,2333.144177
0.701017,20,2335.054762
0.700773,20,2336.939845
0.700766,20,2338.844915
0.700684,20,2340.754164
0.700535,20,2342.641663
0.700363,20,2344.551997
0.700135,20,2346.475773
0.699981,20,2348.365033
0.700041,20,2350.27274
0.700091,20,2352.191402
0.699892,20,2354.08339
0.6997,20,2355.990773
0.699412,20,2357.92115
0.699334,20,2359.813178
0.699045,20,2361.720167
0.699073,20,2363.622142
0.699238,20,2365.520261
0.699106,20,2367.421408
0.698983,20,2369.333107
