#{"t_start": 1635706876.9546955, "env_id": "WurtzReact-v1"}
r,l,t
0.482907,20,2.618834
0.702059,20,4.495848
0.860441,20,6.372756
0.865601,20,8.243915
0.901483,20,10.120325
0.926744,20,12.018022
0.966013,20,13.893364
0.999697,20,15.779666
1.002415,20,17.647711
1.012425,20,19.51187
1.039872,20,21.389099
1.053047,20,23.29892
1.052162,20,25.168083
1.053101,20,27.040663
1.057896,20,28.93148
1.069047,20,30.800784
1.065202,20,32.678487
1.084507,20,34.563972
1.091748,20,36.431735
1.089797,20,38.310625
1.119568,20,40.20076
1.118887,20,42.076192
1.109805,20,43.959337
1.109693,20,45.841094
1.112044,20,47.713045
1.109051,20,49.588574
1.107164,20,51.468045
1.109121,20,53.330541
1.11655,20,55.212652
1.112783,20,57.103833
1.112205,20,58.973575
1.110659,20,60.850905
1.107448,20,62.741393
1.108875,20,64.604567
1.108863,20,66.478976
1.11684,20,68.367732
1.115673,20,70.235071
1.118701,20,72.115405
1.115931,20,74.002252
1.118515,20,75.877123
1.121036,20,77.741116
1.11794,20,79.612931
1.121132,20,81.483351
1.117806,20,83.352297
1.115113,20,85.245001
1.117787,20,87.116348
1.114804,20,88.98873
1.114679,20,90.879097
1.116211,20,92.743757
1.113527,20,94.613961
1.113287,20,96.56991
1.112816,20,98.450386
1.112417,20,100.345298
1.111304,20,102.223197
1.109882,20,104.108131
1.108975,20,105.992724
1.111406,20,107.873462
1.112718,20,109.765236
1.118381,20,111.661844
1.121399,20,113.541104
1.120674,20,115.420166
1.120983,20,117.309061
1.122131,20,119.189541
1.121636,20,121.08091
1.122965,20,122.977273
1.124235,20,124.85753
1.123577,20,126.745028
1.124072,20,128.618524
1.123492,20,130.491348
1.124124,20,132.377896
1.125518,20,134.270658
1.126076,20,136.151386
1.125901,20,138.036027
1.124069,20,139.93299
1.124156,20,141.811694
1.122184,20,143.697464
1.122013,20,145.593009
1.123794,20,147.467507
1.122539,20,149.352036
1.121061,20,151.245763
1.119239,20,153.113997
1.119074,20,154.990287
1.118763,20,156.896533
1.119284,20,158.778309
1.120241,20,160.671244
1.121515,20,162.572663
1.122524,20,164.454683
1.12208,20,166.342753
1.12094,20,168.242573
1.119172,20,170.117753
1.119738,20,171.988623
1.120238,20,173.881887
1.11997,20,175.759587
1.121839,20,177.640884
1.122443,20,179.543038
1.124365,20,181.421141
1.124144,20,183.310278
1.123591,20,185.207315
1.122866,20,187.091921
1.122818,20,188.963665
1.124852,20,190.851148
1.123058,20,192.737423
1.122009,20,194.643229
1.12266,20,196.520369
1.122742,20,198.4081
1.124309,20,200.315569
1.125034,20,202.189836
1.125148,20,204.076416
1.12522,20,205.963204
1.125426,20,207.842599
1.125472,20,209.718704
1.124834,20,211.608555
1.12325,20,213.48191
1.123338,20,215.368361
1.122975,20,217.25173
1.121763,20,219.128084
1.121805,20,221.017098
1.122614,20,222.918779
1.122299,20,224.799526
1.12309,20,226.686064
1.123069,20,228.580121
1.122513,20,230.454502
1.122983,20,232.342882
1.124118,20,234.236735
1.124086,20,236.112331
1.123205,20,238.001146
1.122363,20,239.897886
1.121747,20,241.774218
1.12143,20,243.656225
1.120887,20,245.54728
1.121384,20,247.418262
1.122139,20,249.306391
1.122947,20,251.199863
1.122469,20,253.082559
1.123254,20,254.973627
1.12403,20,256.875875
1.122982,20,258.750293
1.121246,20,260.62825
1.122761,20,262.52684
1.12313,20,264.402902
1.12252,20,266.294
1.124241,20,268.185473
1.124881,20,270.06792
1.124355,20,271.95164
1.124607,20,273.841109
1.123881,20,275.714137
1.12429,20,277.600066
1.123468,20,279.514022
1.123837,20,281.389462
1.123963,20,283.268195
1.123177,20,285.158047
1.123037,20,287.05618
1.123244,20,288.954149
1.123448,20,290.820782
1.12438,20,292.707622
1.124373,20,294.588564
1.123821,20,296.46553
1.123338,20,298.351886
1.123035,20,300.252476
1.123371,20,302.136642
1.124012,20,304.025864
1.123785,20,305.92679
1.125913,20,307.804329
1.125761,20,309.693788
1.126694,20,311.592049
1.126798,20,313.465955
1.126285,20,315.35331
1.12603,20,317.232974
1.126412,20,319.11514
1.127376,20,321.007412
1.128339,20,322.894983
1.128632,20,324.765374
1.129932,20,326.648838
1.129208,20,328.538436
1.129137,20,330.415162
1.129741,20,332.295455
1.129589,20,334.196254
1.129211,20,336.076922
1.129916,20,337.965464
1.129517,20,339.861674
1.129787,20,341.736215
1.130424,20,343.625913
1.130775,20,345.521703
1.132126,20,347.405238
1.131174,20,349.278755
1.130515,20,351.17151
1.130556,20,353.051742
1.131323,20,354.943055
1.130712,20,356.841384
1.131001,20,358.723591
1.131155,20,360.603467
1.131397,20,362.490294
1.131199,20,364.366569
1.131387,20,366.255734
1.131457,20,368.148637
1.131255,20,370.028272
1.131059,20,371.918332
1.131163,20,373.810001
1.131581,20,375.69571
1.13114,20,377.589609
1.131053,20,379.492257
1.130977,20,381.380733
1.131906,20,383.278402
1.132695,20,385.188224
1.13281,20,387.084085
1.132909,20,388.969329
1.132791,20,390.848463
1.133506,20,392.736284
1.133702,20,394.618099
1.133709,20,396.497944
1.133176,20,398.395049
1.132947,20,400.304068
1.132803,20,402.177342
1.132482,20,404.064347
1.133531,20,405.967502
1.13302,20,407.845732
1.132592,20,409.738575
1.132284,20,411.627379
1.132304,20,413.507319
1.132391,20,415.39786
1.132158,20,417.294373
1.132185,20,419.172424
1.132477,20,421.066743
1.132335,20,422.972645
1.132383,20,424.84815
1.131368,20,426.73186
1.131569,20,428.622215
1.131509,20,430.505583
1.131633,20,432.395468
1.131191,20,434.283476
1.130911,20,436.158295
1.130668,20,438.045023
1.130771,20,439.930002
1.131181,20,441.79901
1.130933,20,443.687334
1.131267,20,445.57575
1.131306,20,447.456587
1.131242,20,449.342522
1.130995,20,451.243032
1.131373,20,453.118446
1.130893,20,455.016484
1.130837,20,456.9115
1.131263,20,458.794411
1.130541,20,460.696625
1.130468,20,462.595531
1.131279,20,464.477601
1.13128,20,466.363251
1.130859,20,468.244346
1.13072,20,470.135042
1.131195,20,472.029219
1.13116,20,473.935636
1.131153,20,475.830863
1.130963,20,477.74239
1.130802,20,479.625156
1.131205,20,481.516073
1.131296,20,483.39825
1.131153,20,485.273628
1.131148,20,487.161538
1.130956,20,489.06342
1.131139,20,490.946668
1.13099,20,492.832365
1.130542,20,494.731461
1.131237,20,496.603062
1.131636,20,498.493283
1.131281,20,500.387715
1.132524,20,502.268123
1.132233,20,504.161981
1.131972,20,506.067879
1.131831,20,507.948503
1.132023,20,509.833465
1.13208,20,511.735156
1.13221,20,513.612162
1.13229,20,515.494375
1.132294,20,517.38127
1.132289,20,519.258323
1.132575,20,521.15331
1.133029,20,523.04637
1.133418,20,524.924973
1.133913,20,526.817191
1.133969,20,528.718853
1.13525,20,530.599087
1.134981,20,532.488068
1.135511,20,534.390136
1.135271,20,536.276837
1.13505,20,538.169292
1.134889,20,540.04641
1.13546,20,541.92763
1.13572,20,543.819677
1.135401,20,545.708869
1.135896,20,547.58295
1.136021,20,549.471555
1.136122,20,551.345957
1.136397,20,553.219986
1.136532,20,555.09546
1.136782,20,557.002795
1.136783,20,558.878875
1.136088,20,560.765939
1.136525,20,562.671807
1.136919,20,564.536913
1.136589,20,566.423472
1.136742,20,568.334075
1.136624,20,570.224699
1.136458,20,572.113825
1.136824,20,573.997897
1.136478,20,575.897043
1.137042,20,577.803392
1.137004,20,579.685362
1.13786,20,581.566505
1.137645,20,583.475307
1.137584,20,585.349931
1.137733,20,587.252802
1.137789,20,589.160097
1.137961,20,591.056795
1.137924,20,592.951351
1.1383,20,594.858585
1.13843,20,596.745919
1.138779,20,598.64298
1.138857,20,600.547258
1.139567,20,602.434083
1.139755,20,604.329449
1.140904,20,606.237975
1.140751,20,608.116452
1.140689,20,610.015574
1.140887,20,611.915734
1.141136,20,613.804726
1.141402,20,615.70177
1.142188,20,617.610823
1.141878,20,619.495299
1.142003,20,621.386952
1.142117,20,623.282429
1.141931,20,625.158311
1.141793,20,627.055805
1.142286,20,628.950272
1.141508,20,630.834254
1.141573,20,632.729585
1.141564,20,634.62785
1.141509,20,636.518625
1.14152,20,638.414476
1.14138,20,640.317473
1.141694,20,642.20072
1.142015,20,644.094477
1.142129,20,645.994448
1.142867,20,647.876117
1.142929,20,649.775042
1.142941,20,651.67075
1.143298,20,653.558294
1.144253,20,655.450403
1.144505,20,657.350757
1.144645,20,659.230936
1.144912,20,661.12952
1.14488,20,663.032055
1.144575,20,664.92977
1.145077,20,666.828079
1.145491,20,668.706101
1.145713,20,670.595718
1.146133,20,672.49825
1.146067,20,674.379376
1.146171,20,676.255581
1.146286,20,678.163273
1.145972,20,680.041003
1.145836,20,681.933389
1.146747,20,683.846486
1.14726,20,685.726402
1.147588,20,687.614183
1.147366,20,689.518309
1.147742,20,691.395015
1.147781,20,693.281262
1.14828,20,695.17824
1.149197,20,697.051954
1.14914,20,698.940447
1.149565,20,700.825845
1.149663,20,702.69863
1.149443,20,704.579444
1.149949,20,706.481708
1.150457,20,708.373152
1.150814,20,710.265938
1.151025,20,712.16643
1.151483,20,714.046282
1.151563,20,715.930766
1.152132,20,717.820136
1.152125,20,719.693134
1.152442,20,721.58573
1.152877,20,723.469138
1.153476,20,725.34366
1.15356,20,727.234822
1.153257,20,729.126357
1.153253,20,731.012445
1.153395,20,732.890653
1.153793,20,734.774235
1.153674,20,736.656036
1.153704,20,738.535701
1.153576,20,740.44668
1.154079,20,742.324559
1.153903,20,744.214808
1.154084,20,746.106432
1.154106,20,747.984621
1.154246,20,749.868132
1.154043,20,751.751726
1.153915,20,753.635622
1.154693,20,755.52576
1.154658,20,757.420335
1.155722,20,759.31077
1.155942,20,761.217408
1.156184,20,763.100281
1.156865,20,764.992989
1.156862,20,766.897356
1.156687,20,768.774837
1.157525,20,770.665896
1.158328,20,772.55798
1.159057,20,774.442112
1.159711,20,776.332025
1.160165,20,778.235514
1.160561,20,780.107828
1.161366,20,781.995158
1.162012,20,783.884273
1.162619,20,785.769263
1.163684,20,787.644872
1.164776,20,789.537572
1.165844,20,791.424108
1.166904,20,793.313413
1.167754,20,795.217963
1.16866,20,797.092846
1.169618,20,798.980923
1.169482,20,800.874604
1.169895,20,802.757834
1.17087,20,804.653199
1.171852,20,806.543618
1.172996,20,808.430841
1.173349,20,810.318567
1.174369,20,812.21187
1.175301,20,814.089023
1.176174,20,815.982083
1.176313,20,817.891459
1.177107,20,819.777493
1.177162,20,821.672506
1.17702,20,823.577829
1.177711,20,825.462989
1.177628,20,827.367735
1.178297,20,829.270398
1.178398,20,831.157104
1.179283,20,833.050204
1.18016,20,834.94773
1.18065,20,836.832271
1.181564,20,838.728551
1.182438,20,840.625962
1.183289,20,842.507154
1.184177,20,844.398446
1.185025,20,846.307856
1.185554,20,848.189409
1.186483,20,850.083452
1.186443,20,851.984054
1.18739,20,853.880891
1.188148,20,855.780846
1.188176,20,857.653925
1.188338,20,859.538285
1.18802,20,861.448557
1.188163,20,863.330253
1.188043,20,865.229183
1.187832,20,867.123851
1.18832,20,869.008918
1.18865,20,870.910258
1.189273,20,872.819297
1.189283,20,874.69738
1.189589,20,876.581978
1.189692,20,878.485753
1.189874,20,880.370565
1.190348,20,882.258675
1.190337,20,884.161512
1.190635,20,886.053208
1.190859,20,887.93725
1.190731,20,889.822461
1.191068,20,891.703784
1.191341,20,893.593227
1.191756,20,895.497704
1.192203,20,897.383559
1.192379,20,899.271394
1.192643,20,901.172818
1.192962,20,903.057365
1.192938,20,904.931586
1.193499,20,906.821059
1.193659,20,908.707039
1.193609,20,910.59938
1.193753,20,912.503103
1.193542,20,914.384747
1.193991,20,916.267709
1.19405,20,918.171466
1.1942,20,920.046272
1.194651,20,921.932103
1.195067,20,923.842476
1.195328,20,925.724271
1.19593,20,927.616946
1.196619,20,929.502497
1.196553,20,931.383723
1.197299,20,933.281868
1.197475,20,935.17304
1.19783,20,937.05974
1.197481,20,938.957487
1.197906,20,940.862711
1.198594,20,942.739397
1.198707,20,944.630243
1.199083,20,946.524116
1.19989,20,948.413644
1.200741,20,950.314174
1.20149,20,952.188219
1.201867,20,954.07829
1.202254,20,955.971458
1.202901,20,957.856043
1.203854,20,959.747585
1.204282,20,961.644346
1.204839,20,963.525676
1.205392,20,965.419173
1.205475,20,967.308124
1.206061,20,969.188648
1.206673,20,971.08301
1.207291,20,972.972238
1.208152,20,974.859515
1.20848,20,976.748107
1.209049,20,978.648213
1.209577,20,980.53001
1.210108,20,982.421408
1.210904,20,984.326874
1.211916,20,986.212164
1.212681,20,988.104885
1.2127,20,990.011812
1.213024,20,991.890812
1.213017,20,993.785307
1.213468,20,995.694875
1.214216,20,997.571187
1.215077,20,999.456004
1.215947,20,1001.354981
1.216,20,1003.237206
1.216656,20,1005.106889
1.216746,20,1007.010258
1.217185,20,1008.890604
1.217243,20,1010.780848
1.217851,20,1012.684375
1.217906,20,1014.563144
1.217996,20,1016.451115
1.217923,20,1018.35213
1.218152,20,1020.233158
1.218269,20,1022.132544
1.218102,20,1024.021585
1.218488,20,1025.909137
1.218534,20,1027.793242
1.219131,20,1029.674218
1.219756,20,1031.553917
1.220317,20,1033.444179
1.220892,20,1035.344908
1.221195,20,1037.226771
1.221208,20,1039.10872
1.221202,20,1041.015245
1.221563,20,1042.907959
1.221653,20,1044.810932
1.222143,20,1046.69988
1.222892,20,1048.586741
1.22335,20,1050.482311
1.223913,20,1052.35829
1.224103,20,1054.248035
1.224295,20,1056.144916
1.224947,20,1058.029711
1.225548,20,1059.922604
1.225937,20,1061.813617
1.226019,20,1063.685596
1.226335,20,1065.558246
1.226869,20,1067.444285
1.22737,20,1069.328073
1.227534,20,1071.227228
1.227813,20,1073.129922
1.228332,20,1075.016326
1.228604,20,1076.915663
1.228438,20,1078.811916
1.228588,20,1080.696527
1.228833,20,1082.58426
1.22929,20,1084.480044
1.229907,20,1086.361149
1.230586,20,1088.250544
1.230584,20,1090.132605
1.230736,20,1092.015162
1.231232,20,1093.901469
1.231839,20,1095.807285
1.231871,20,1097.688795
1.232064,20,1099.588851
1.232572,20,1101.495853
1.233163,20,1103.368683
1.23361,20,1105.259187
1.233975,20,1107.166513
1.234478,20,1109.047056
1.234926,20,1110.93438
1.234908,20,1112.846566
1.235378,20,1114.724026
1.2358,20,1116.621065
1.236414,20,1118.516528
1.236667,20,1120.399484
1.236486,20,1122.288724
1.236686,20,1124.169297
1.236844,20,1126.046482
1.236834,20,1127.940327
1.236672,20,1129.846292
1.23709,20,1131.723475
1.237077,20,1133.613314
1.237079,20,1135.513868
1.237021,20,1137.405143
1.237034,20,1139.302191
1.237535,20,1141.178954
1.238104,20,1143.075604
1.238104,20,1144.96298
1.238501,20,1146.844794
1.238773,20,1148.73245
1.238787,20,1150.644614
1.23899,20,1152.524825
1.23913,20,1154.422497
1.239001,20,1156.324903
1.239351,20,1158.206041
1.239395,20,1160.108479
1.239637,20,1161.997522
1.239979,20,1163.881616
1.240451,20,1165.768452
1.240792,20,1167.669679
1.241071,20,1169.545967
1.24168,20,1171.440726
1.241581,20,1173.334933
1.241697,20,1175.214792
1.241498,20,1177.099779
1.241294,20,1178.992591
1.241808,20,1180.875097
1.241962,20,1182.768328
1.242485,20,1184.661611
1.242941,20,1186.538831
1.242753,20,1188.436021
1.242974,20,1190.341209
1.243332,20,1192.222237
1.243841,20,1194.11517
1.244295,20,1196.005066
1.244635,20,1197.885289
1.244848,20,1199.776958
1.244991,20,1201.686838
1.244815,20,1203.563946
1.244714,20,1205.454786
1.245023,20,1207.362532
1.244873,20,1209.252032
1.245031,20,1211.155213
1.245393,20,1213.055458
1.245183,20,1214.939994
1.245645,20,1216.837867
1.245613,20,1218.72454
1.2459,20,1220.609583
1.246192,20,1222.503726
1.246139,20,1224.403908
1.246103,20,1226.293497
1.246015,20,1228.174941
1.245936,20,1230.081866
1.24594,20,1231.966039
1.245941,20,1233.871897
1.245838,20,1235.752074
1.246114,20,1237.634003
1.246626,20,1239.524961
1.246647,20,1241.405032
1.24711,20,1243.291526
1.247533,20,1245.200856
1.248066,20,1247.084491
1.24792,20,1248.968411
1.247996,20,1250.8546
1.24794,20,1252.734702
1.247769,20,1254.6166
1.248015,20,1256.515901
1.248214,20,1258.407328
1.248096,20,1260.298698
1.248144,20,1262.206688
1.248097,20,1264.093338
1.247876,20,1265.976456
1.24788,20,1267.883167
1.247667,20,1269.760866
1.247706,20,1271.65298
1.247451,20,1273.556985
1.247262,20,1275.437631
1.247599,20,1277.341986
1.247337,20,1279.235234
1.247556,20,1281.116288
1.247394,20,1283.011657
1.247625,20,1284.921956
1.247667,20,1286.793618
1.247724,20,1288.692871
1.247604,20,1290.592515
1.247385,20,1292.479616
1.247245,20,1294.369874
1.247159,20,1296.251651
1.247157,20,1298.126398
1.247016,20,1300.020624
1.246907,20,1301.91415
1.246653,20,1303.793763
1.246776,20,1305.689939
1.246712,20,1307.589362
1.246628,20,1309.474017
1.246563,20,1311.375169
1.246292,20,1313.262703
1.24608,20,1315.145742
1.246436,20,1317.025974
1.246596,20,1318.922984
1.246492,20,1320.79715
1.246244,20,1322.688258
1.246026,20,1324.596505
1.245987,20,1326.490296
1.245739,20,1328.391819
1.245726,20,1330.269753
1.245551,20,1332.156482
1.245402,20,1334.062327
1.245208,20,1335.949448
1.245194,20,1337.848233
1.245205,20,1339.753379
1.24497,20,1341.634891
1.245058,20,1343.531755
1.244933,20,1345.442599
1.245262,20,1347.322075
1.245419,20,1349.214398
1.245213,20,1351.115887
1.245228,20,1353.003411
1.245248,20,1354.89105
1.245042,20,1356.786067
1.245139,20,1358.665416
1.244903,20,1360.549683
1.244839,20,1362.444938
1.244607,20,1364.32015
1.244902,20,1366.20226
1.244694,20,1368.099318
1.244542,20,1369.982014
1.244407,20,1371.871193
1.244349,20,1373.759865
1.244636,20,1375.644549
1.244513,20,1377.54098
1.244414,20,1379.427825
1.244464,20,1381.315201
1.244236,20,1383.214546
1.244537,20,1385.110966
1.244743,20,1386.99895
1.244823,20,1388.894771
1.244731,20,1390.785621
1.244847,20,1392.673694
1.244857,20,1394.566951
1.244604,20,1396.460022
1.244451,20,1398.347522
1.244441,20,1400.231151
1.244271,20,1402.119774
1.244118,20,1404.002944
1.244054,20,1405.892749
1.243882,20,1407.79234
1.24412,20,1409.688511
1.243935,20,1411.583594
1.243834,20,1413.490972
1.244008,20,1415.370291
1.244227,20,1417.263127
1.24421,20,1419.180197
1.244007,20,1421.061755
1.243923,20,1422.973182
1.243792,20,1424.861235
1.244062,20,1426.755931
1.244002,20,1428.66455
1.243736,20,1430.545234
1.244012,20,1432.438743
1.244084,20,1434.333414
1.244177,20,1436.215433
1.244198,20,1438.116181
1.243995,20,1440.019432
1.244148,20,1441.899606
1.244001,20,1443.798291
1.244147,20,1445.678189
1.244176,20,1447.557444
1.24404,20,1449.458441
1.243909,20,1451.357154
1.243788,20,1453.239389
1.243787,20,1455.121242
1.24383,20,1457.01857
1.24377,20,1458.89613
1.243726,20,1460.779163
1.243905,20,1462.672438
1.244016,20,1464.56194
1.244198,20,1466.457556
1.244247,20,1468.350958
1.244113,20,1470.234637
1.243965,20,1472.124074
1.244019,20,1474.013581
1.244087,20,1475.89344
1.243951,20,1477.790716
1.243994,20,1479.675035
1.244025,20,1481.562614
1.244119,20,1483.451211
1.243906,20,1485.3558
1.244112,20,1487.243283
1.244132,20,1489.123877
1.244271,20,1491.009545
1.244462,20,1492.890954
1.244421,20,1494.776897
1.244331,20,1496.69803
1.244112,20,1498.581734
1.244342,20,1500.460906
1.244188,20,1502.344041
1.244312,20,1504.22915
1.24446,20,1506.108615
1.244502,20,1508.001798
1.244313,20,1509.881395
1.244719,20,1511.77515
1.244571,20,1513.677492
1.244479,20,1515.568591
1.244309,20,1517.464605
1.244173,20,1519.338991
1.243969,20,1521.237147
1.243892,20,1523.140593
1.24379,20,1525.025231
1.243678,20,1526.913004
1.243941,20,1528.813141
1.243883,20,1530.694974
1.244011,20,1532.590536
1.243966,20,1534.494071
1.244129,20,1536.373456
1.244236,20,1538.268172
1.244154,20,1540.182462
1.243895,20,1542.069727
1.243824,20,1543.963769
1.243574,20,1545.864735
1.24349,20,1547.741562
1.243356,20,1549.633435
1.243317,20,1551.528414
1.243172,20,1553.416865
1.243163,20,1555.315797
1.243055,20,1557.210833
1.242905,20,1559.098687
1.242723,20,1560.989623
1.242664,20,1562.88717
1.242492,20,1564.771262
1.242535,20,1566.653661
1.242377,20,1568.540573
1.242358,20,1570.414388
1.242101,20,1572.316621
1.241979,20,1574.224059
1.242202,20,1576.102769
1.242006,20,1577.997558
1.241953,20,1579.901738
1.241975,20,1581.77924
1.241891,20,1583.676723
1.241791,20,1585.580104
1.241899,20,1587.45805
1.241767,20,1589.348681
1.241779,20,1591.248683
1.241649,20,1593.136622
1.241715,20,1595.022019
1.241454,20,1596.905553
1.241487,20,1598.79126
1.241414,20,1600.679536
1.241809,20,1602.581413
1.242147,20,1604.463369
1.242141,20,1606.357548
1.24196,20,1608.256165
1.242061,20,1610.146268
1.241808,20,1612.04524
1.241736,20,1613.93053
1.241553,20,1615.827908
1.24146,20,1617.735988
1.241364,20,1619.618757
1.241192,20,1621.512933
1.241079,20,1623.400256
1.240815,20,1625.291256
1.240819,20,1627.182909
1.240557,20,1629.096231
1.24047,20,1630.983075
1.240307,20,1632.877376
1.240266,20,1634.782827
1.240032,20,1636.668175
1.240145,20,1638.55332
1.239951,20,1640.454378
1.239777,20,1642.33774
1.239667,20,1644.240674
1.23961,20,1646.140064
1.239721,20,1648.015094
1.239553,20,1649.897952
1.239433,20,1651.80666
1.239303,20,1653.685313
1.239176,20,1655.581813
1.239163,20,1657.481925
1.239,20,1659.360484
1.238843,20,1661.256315
1.238668,20,1663.163027
1.238569,20,1665.043068
1.238516,20,1666.926665
1.238366,20,1668.839333
1.238296,20,1670.722461
1.238064,20,1672.605004
1.237974,20,1674.494975
1.238019,20,1676.381197
1.237828,20,1678.280347
1.237735,20,1680.185112
1.237641,20,1682.068348
1.237763,20,1683.96292
1.237512,20,1685.857781
1.237607,20,1687.738645
1.237641,20,1689.635798
1.237384,20,1691.535032
1.237261,20,1693.415141
1.237098,20,1695.311733
1.237168,20,1697.222475
1.236864,20,1699.107448
1.236628,20,1700.993638
1.236472,20,1702.893665
1.236657,20,1704.780886
1.23656,20,1706.670389
1.236354,20,1708.558262
1.23629,20,1710.446494
1.23606,20,1712.347611
1.235805,20,1714.222997
1.235656,20,1716.117496
1.235488,20,1718.005548
1.235491,20,1719.888705
1.235313,20,1721.769351
1.235169,20,1723.658385
1.235027,20,1725.540143
1.234967,20,1727.426921
1.234872,20,1729.330968
1.234681,20,1731.216268
1.23465,20,1733.098311
1.234531,20,1734.994139
1.234431,20,1736.882264
1.234301,20,1738.775352
1.234281,20,1740.6678
1.234165,20,1742.557249
1.234066,20,1744.43959
1.233974,20,1746.334698
1.233847,20,1748.221308
1.233758,20,1750.114918
1.233934,20,1752.028895
1.233795,20,1753.905156
1.233688,20,1755.793074
1.233687,20,1757.706215
1.233468,20,1759.591909
1.23336,20,1761.480477
1.233264,20,1763.399909
1.233281,20,1765.280113
1.233174,20,1767.168504
1.233146,20,1769.081323
1.232912,20,1770.963364
1.23279,20,1772.854644
1.232682,20,1774.759386
1.232624,20,1776.651077
1.232701,20,1778.532985
1.232392,20,1780.442127
1.232228,20,1782.329493
1.232188,20,1784.224214
1.232086,20,1786.132756
1.231868,20,1788.020558
1.23176,20,1789.902699
1.231758,20,1791.797235
1.231661,20,1793.694139
1.231507,20,1795.579951
1.231506,20,1797.46683
1.231356,20,1799.360389
1.231257,20,1801.264217
1.23119,20,1803.146025
1.23107,20,1805.033617
1.230955,20,1806.941841
1.231125,20,1808.818853
1.230903,20,1810.707798
1.230782,20,1812.599048
1.230645,20,1814.482233
1.230465,20,1816.372149
1.230426,20,1818.249586
1.230275,20,1820.125442
1.230143,20,1822.01967
1.229979,20,1823.928751
1.229852,20,1825.817229
1.229706,20,1827.715512
1.22977,20,1829.617252
1.229616,20,1831.501786
1.229516,20,1833.388389
1.229465,20,1835.289452
1.229384,20,1837.17948
1.229305,20,1839.066699
1.229217,20,1840.958107
1.229019,20,1842.836531
1.228962,20,1844.719726
1.22888,20,1846.615826
1.228734,20,1848.497342
1.228655,20,1850.393641
1.228679,20,1852.288379
1.2285,20,1854.169861
1.228337,20,1856.052254
1.228399,20,1857.947497
1.228305,20,1859.835248
1.228315,20,1861.71937
1.228284,20,1863.611742
1.228156,20,1865.49203
1.228142,20,1867.391641
1.228131,20,1869.285403
1.22804,20,1871.16863
1.227884,20,1873.066592
1.227818,20,1874.962941
1.227834,20,1876.845939
1.227676,20,1878.741088
1.227548,20,1880.64624
1.227428,20,1882.521719
1.227331,20,1884.416526
1.227278,20,1886.322148
1.227223,20,1888.213865
1.227214,20,1890.11181
1.227042,20,1892.016498
1.226961,20,1893.909259
1.226993,20,1895.815341
1.226784,20,1897.70156
1.226651,20,1899.599364
1.22654,20,1901.49733
1.226539,20,1903.381223
1.226508,20,1905.266136
1.226237,20,1907.173574
1.226108,20,1909.056947
1.226145,20,1910.949886
1.22599,20,1912.857076
1.225957,20,1914.734772
1.225811,20,1916.62964
1.225817,20,1918.532581
1.225654,20,1920.413278
1.225638,20,1922.303381
1.225615,20,1924.196827
1.225523,20,1926.083349
1.225379,20,1927.980676
1.225273,20,1929.873544
1.225176,20,1931.751175
1.22509,20,1933.6284
1.224931,20,1935.519713
1.22483,20,1937.399458
1.224766,20,1939.288006
1.22452,20,1941.197606
1.224436,20,1943.076504
1.224327,20,1944.975281
1.224285,20,1946.874467
1.224136,20,1948.755561
1.223975,20,1950.637884
1.223926,20,1952.540201
1.223829,20,1954.424625
1.22372,20,1956.310063
1.223544,20,1958.200571
1.2235,20,1960.080085
1.223382,20,1961.963982
1.223401,20,1963.847874
1.223285,20,1965.727237
1.223212,20,1967.622905
1.222993,20,1969.509939
1.222998,20,1971.393841
1.222814,20,1973.290531
1.222649,20,1975.170416
1.222518,20,1977.056715
1.222444,20,1978.951403
1.222543,20,1980.842256
1.222402,20,1982.721613
1.222303,20,1984.62221
1.22217,20,1986.521758
1.222178,20,1988.412388
1.222076,20,1990.314855
1.221909,20,1992.19733
1.22189,20,1994.091326
1.22181,20,1995.987235
1.221802,20,1997.872368
1.221747,20,1999.765641
1.221781,20,2001.672093
1.221588,20,2003.559788
1.221467,20,2005.455541
1.221468,20,2007.355708
1.221548,20,2009.236863
1.221392,20,2011.123803
1.221272,20,2013.024131
1.221201,20,2014.904449
1.22112,20,2016.794265
1.221006,20,2018.716174
1.220936,20,2020.601719
1.221001,20,2022.481637
1.221074,20,2024.385634
1.221115,20,2026.269593
1.221167,20,2028.165049
1.221167,20,2030.059506
1.221057,20,2031.933291
1.221037,20,2033.829242
1.220982,20,2035.716325
1.220807,20,2037.595945
1.220692,20,2039.493112
1.220623,20,2041.389258
1.220543,20,2043.280925
1.220364,20,2045.171936
1.220328,20,2047.066474
1.220222,20,2048.950379
1.220298,20,2050.845432
1.220099,20,2052.7552
1.220194,20,2054.633623
1.220152,20,2056.521923
1.219964,20,2058.414647
1.219897,20,2060.294042
1.219866,20,2062.18201
1.219712,20,2064.092206
1.219705,20,2065.974564
1.219595,20,2067.861595
1.219518,20,2069.756312
1.219431,20,2071.641548
1.219429,20,2073.537141
1.219308,20,2075.441776
1.219287,20,2077.329891
1.219156,20,2079.227816
1.219091,20,2081.132288
1.219211,20,2083.028999
1.219299,20,2084.931623
1.219239,20,2086.822477
1.219082,20,2088.713164
1.219054,20,2090.605511
1.218971,20,2092.49022
1.218811,20,2094.386752
1.218702,20,2096.29484
1.218631,20,2098.185194
1.218517,20,2100.077904
1.218647,20,2101.979931
1.218538,20,2103.86132
1.21843,20,2105.751688
1.218318,20,2107.643389
1.218366,20,2109.530591
1.218244,20,2111.413226
1.218205,20,2113.313495
1.218169,20,2115.189943
1.2181,20,2117.083382
1.218159,20,2118.995674
1.218053,20,2120.881145
1.218024,20,2122.7634
1.217914,20,2124.669887
1.217809,20,2126.548052
1.217757,20,2128.446589
1.217764,20,2130.335179
1.217812,20,2132.222554
1.217647,20,2134.110186
1.217596,20,2136.01417
1.217497,20,2137.896231
1.217372,20,2139.793339
1.217275,20,2141.70174
1.217224,20,2143.583299
1.217047,20,2145.473463
1.217121,20,2147.365342
1.217005,20,2149.257205
1.217005,20,2151.15132
1.216916,20,2153.064085
1.21687,20,2154.942211
1.216766,20,2156.833644
1.216664,20,2158.731752
1.216781,20,2160.615547
1.216687,20,2162.510127
1.216708,20,2164.408758
1.216642,20,2166.291245
1.216628,20,2168.186491
1.216534,20,2170.075977
1.216439,20,2171.955732
1.216505,20,2173.848858
1.216313,20,2175.746635
1.216389,20,2177.643481
1.216383,20,2179.551524
1.216247,20,2181.434807
1.216246,20,2183.320393
1.216118,20,2185.213364
1.216188,20,2187.091072
1.216046,20,2188.98685
1.21596,20,2190.881131
1.216012,20,2192.766865
1.215896,20,2194.653088
1.215884,20,2196.558587
1.215745,20,2198.44405
1.215629,20,2200.336433
1.215427,20,2202.225353
1.215384,20,2204.104363
1.215249,20,2205.997637
1.215146,20,2207.899412
1.215035,20,2209.784932
1.215363,20,2211.670969
1.215497,20,2213.55847
1.215343,20,2215.444453
1.215309,20,2217.331501
1.215494,20,2219.237132
1.215392,20,2221.114458
1.215372,20,2223.01382
1.215487,20,2224.914155
1.21541,20,2226.786826
1.215591,20,2228.671674
1.215502,20,2230.575989
1.215542,20,2232.458712
1.21543,20,2234.349494
1.215341,20,2236.260862
1.215294,20,2238.148607
1.215497,20,2240.038095
1.215541,20,2241.936112
1.215574,20,2243.815479
1.215491,20,2245.69176
1.215589,20,2247.589199
1.215631,20,2249.467588
1.215775,20,2251.362719
1.215542,20,2253.249438
1.215411,20,2255.137134
1.215542,20,2257.031249
1.215475,20,2258.923891
1.215575,20,2260.796607
1.215596,20,2262.694499
1.215678,20,2264.586655
1.215702,20,2266.464779
1.215644,20,2268.355393
1.215645,20,2270.261153
1.215675,20,2272.139449
1.216018,20,2274.047215
1.21601,20,2275.927421
1.216251,20,2277.823771
1.216326,20,2279.72092
1.216315,20,2281.609179
1.216327,20,2283.499275
1.216605,20,2285.407504
1.216605,20,2287.290148
1.216744,20,2289.171994
1.216914,20,2291.078587
1.216995,20,2292.965558
1.216941,20,2294.869627
1.216871,20,2296.771806
1.216922,20,2298.650208
1.216815,20,2300.547967
1.216883,20,2302.447413
1.216669,20,2304.328918
1.216926,20,2306.219398
1.216975,20,2308.115025
1.216965,20,2309.991916
1.216919,20,2311.881958
1.216879,20,2313.773421
1.216904,20,2315.656198
1.216933,20,2317.546755
1.216833,20,2319.45629
1.217067,20,2321.339473
1.217084,20,2323.222809
1.217106,20,2325.129064
1.217062,20,2327.006066
1.216952,20,2328.902495
1.217298,20,2330.796519
1.217397,20,2332.687221
1.21741,20,2334.570701
1.217626,20,2336.475422
1.217791,20,2338.355937
1.217693,20,2340.25269
1.217725,20,2342.148181
1.217805,20,2344.031998
1.218054,20,2345.924238
1.218125,20,2347.825791
1.218221,20,2349.700656
1.218117,20,2351.589647
1.218264,20,2353.473319
1.218294,20,2355.355856
1.21822,20,2357.244257
1.218224,20,2359.128157
1.218318,20,2361.009541
1.218367,20,2362.908555
